NovSeq_SS_Lib_ID,SampleName,Worker,OccupationalTask,Exposure,Sample_or_Control,CollectionPhase,Study,Matrix,ExtractionDate,ExtractionKit,SamplingMethod,DNAElutionVolume,QubitSampleConc_ng_ul,DNAYield_ng,Pre_capturSampleConc_ng_ul,BarcodeIndexingID,P7Index,P5.Index_v1.5.chemistry,X16s_sampleID,qpcr_16s_copies_ul,GEND,AGE,GRADE,WT,HT,BMI,ETHN,EVSMOK,CURSMOK,YRSMOK,CIGDAY,OTHTOBAC,HNDPRK,EATPRK,HNDBEEF,EATBEEF,HNDPOUL,EATPOUL,NOOCCAN,NOOCCh1,NOOCCh2,NOOCCh3,NOOCCh4,NOOCCh5,NOOCCh6,NOOCCh7,NOOCCh8,NOOCCh9,NOOCCh10,SHWHOME,DIRFACILYR,DIRALLYR,TASKa,TASKb,TASKc,TASKd,TASKe,TASKf,TASKg,TASKh,TASKi,TASKj,TASKk,TASKl,TASKm,TASKn,TASKEXPOSURE,DIRCOSWINE,DIRCODAY,DIRCOHR,DIRCOHRRATE,DIRCOWKRATE,MiSeqBarcodeSequence,MiSeqPFClusters,MiSeqPctLane,MiSeqPctBarcoded,MiSeqPctBarcodeMismatch,MiSeqYield_Mb,MiSeqPctPFClusters,MiSeqPctBasesMoreThanQ30,MiSeqMeanQuality,DADAReadPairInput,DADAReadPairFiltered,DADAReadPairDenoisedF,DADAReadPairDenoisedR,DADAReadPairMerged,DADAReadPairNonchim,DADAReadPairProp_retained
R1_1,SWK1A,SWK1,FARROWING,DIRECT,True_Sample,WORKDAY_START,MCOHS_LABOROME,LABOR_COMP_SKIN_SWAB,6/1/21,QIAGEN PowerSoil Pro Kit_QIACUBE,SWAB,50,0.556,27.8,NA,F01,AGAAGCAA,GATGCTGA,SWK1A,"36,143",M,47,1,194,65,32.27976331,6,2,2,0,0,5,3,2,4,3,3,3,1,2,2,2,2,2,2,2,1,1,1,2,8,33,1,1,1,1,1,1,1,1,1,1,1,1,1,2,DIRECT,960,5,7,137.1428571,685.7142857,ACACAGGT+ACTCACAG,"97,022",0.52,89.42,10.58,58,100,72.02,31.42,97022,72050,69829,70792,64980,50831,0.523912102
R1_2,SWK2A,SWK2,FARROWING,DIRECT,True_Sample,WORKDAY_START,MCOHS_LABOROME,LABOR_COMP_SKIN_SWAB,6/1/21,QIAGEN PowerSoil Pro Kit_QIACUBE,SWAB,50,0.41,20.5,NA,G01,GCAGGTTC,TTGCTTCT,SWK2A,"1,839",M,53,1,300,74,38.51351351,6,1,2,30,30,5,1,1,3,3,1,4,1,2,2,2,2,2,2,2,1,1,2,2,14,40,1,2,1,2,1,1,1,1,1,1,1,1,1,2,INDIRECT,300,5,8,37.5,187.5,GATTATGT+ACTCACAG,"72,674",0.39,89.06,10.94,44,100,74.32,31.98,72674,56442,54542,55348,50139,44834,0.616919393
R1_3,SWK3A,SWK3,FARROWING,DIRECT,True_Sample,WORKDAY_START,MCOHS_LABOROME,LABOR_COMP_SKIN_SWAB,6/1/21,QIAGEN PowerSoil Pro Kit_QIACUBE,SWAB,50,6.14,307,NA,H01,AAGTGTCT,GAACCTGC,SWK3A,"261,584",M,32,2,150,63,26.56840514,6,1,2,15,7,5,3,3,3,3,2,2,1,2,1,2,2,2,2,2,1,2,1,2,1.5,7,1,2,1,1,1,2,1,2,2,1,1,1,1,1,DIRECT,150,5,7,21.42857143,107.1428571,AGAATTCA+ACTCACAG,"104,266",0.56,89.67,10.33,63,100,71.67,31.32,104266,76577,74839,75306,73463,59084,0.566666027
R1_4,SWK4A,SWK4,FARROWING,DIRECT,True_Sample,WORKDAY_START,MCOHS_LABOROME,LABOR_COMP_SKIN_SWAB,6/1/21,QIAGEN PowerSoil Pro Kit_QIACUBE,SWAB,50,0.644,32.2,NA,A02,CTACCGAA,AGACACTT,SWK4A,"4,343",M,28,2,180,66,29.04958678,5,2,2,0,0,5,3,3,1,4,1,3,1,1,2,2,2,2,2,2,2,2,2,2,0.5,3.5,1,2,1,2,1,2,1,1,1,1,1,2,1,2,DIRECT,600,7,7,85.71428571,600,GAAGCCAC+ACTCACAG,"79,444",0.43,88.96,11.04,48,100,74.2,31.95,79444,61671,61054,61158,59518,53530,0.673807965
R1_5,SWK5A,SWK5,FARROWING,DIRECT,True_Sample,WORKDAY_START,MCOHS_LABOROME,LABOR_COMP_SKIN_SWAB,6/1/21,QIAGEN PowerSoil Pro Kit_QIACUBE,SWAB,50,0.001,0.001,NA,B02,TAGAGCTC,TTCGGTAG,SWK5A,151,F,29,2,165,66,26.62878788,5,2,2,0,0,5,2,2,4,4,1,1,2,2,2,2,2,2,2,2,2,2,2,2,6,9,1,2,1,1,2,2,1,1,1,1,1,2,1,1,DIRECT,400,6,6,66.66666667,400,TGCATTGG+ACTCACAG,"97,013",0.52,89.17,10.83,58,100,74.13,31.93,97013,75515,75173,75262,74034,73528,0.757919042
R1_6,SWK6A,SWK6,MOVING_FOSTERING,INDIRECT,True_Sample,WORKDAY_START,MCOHS_LABOROME,LABOR_COMP_SKIN_SWAB,6/1/21,QIAGEN PowerSoil Pro Kit_QIACUBE,SWAB,50,0.001,0.001,NA,C02,ATGTCAAG,GAGCTCTA,SWK6A,76,M,28,3,160,66,25.82185491,5,2,2,0,0,5,3,3,3,4,3,3,2,2,2,2,2,2,2,2,2,2,2,2,2,3,1,2,1,2,1,1,1,1,1,2,1,1,1,2,INDIRECT,100,6,8,12.5,75,CATGCGAT+ACTCACAG,"115,785",0.62,89.7,10.3,70,100,73.62,31.82,115785,88541,88206,88388,87332,86250,0.744915144
R1_7,SWK7A,SWK7,GESTATION,DIRECT,True_Sample,WORKDAY_START,MCOHS_LABOROME,LABOR_COMP_SKIN_SWAB,6/1/21,QIAGEN PowerSoil Pro Kit_QIACUBE,SWAB,50,0.108,5.4,NA,D02,GCATCATA,CTTGACAT,SWK7A,325,M,34,2,189,71,26.35727038,5,2,0,0,0,5,1,1,3,3,2,3,2,2,2,2,2,2,2,2,2,2,2,2,2,7,1,1,2,2,1,1,1,1,1,1,1,1,1,1,INDIRECT,200,5,4,50,250,GGAGTTAG+ACTCACAG,"73,676",0.4,88.41,11.59,44,100,73.58,31.8,73676,56755,56179,56415,54583,53303,0.723478473
R1_8,SWK8A,SWK8,GESTATION,INDIRECT,True_Sample,WORKDAY_START,MCOHS_LABOROME,LABOR_COMP_SKIN_SWAB,6/1/21,QIAGEN PowerSoil Pro Kit_QIACUBE,SWAB,50,0.144,7.2,NA,E02,GACTTGAC,TATGATGC,SWK8A,289,M,37,2,205,75,25.62044444,6,2,2,0,0,2,4,3,3,3,2,2,1,2,1,2,2,2,2,2,1,1,2,2,11,11,1,1,1,1,1,1,1,1,2,1,1,1,1,1,DIRECT,100,5,6,16.66666667,83.33333333,GGATACGG+ACTCACAG,"56,972",0.31,87.61,12.39,34,100,72.64,31.58,56972,43600,42892,43052,40554,38609,0.677683774
R1_9,SWK9A,SWK9,FARROWING,DIRECT,True_Sample,WORKDAY_START,MCOHS_LABOROME,LABOR_COMP_SKIN_SWAB,6/1/21,QIAGEN PowerSoil Pro Kit_QIACUBE,SWAB,50,0.48,24,NA,F02,CTACAATG,GTCAAGTC,SWK9A,"5,237",M,27,2,191,68.9,28.28461349,5,2,2,0,0,5,2,2,2,3,2,3,1,2,2,2,1,2,2,2,2,2,2,2,2,4,1,1,2,2,1,1,1,1,1,1,1,2,2,1,DIRECT,1150,6,7,164.2857143,985.7142857,GCGACTAA+ACTCACAG,"98,131",0.53,89.83,10.17,59,100,73.82,31.87,98131,75247,73460,74357,69133,60170,0.61315996
R1_10,SWK10A,SWK10,VISITING VETERINARIAN,INDIRECT,True_Sample,WORKDAY_START,MCOHS_LABOROME,LABOR_COMP_SKIN_SWAB,6/1/21,QIAGEN PowerSoil Pro Kit_QIACUBE,SWAB,50,0.001,0.001,NA,G02,TCTCAGCA,CATTGTAG,SWK10A,16,F,37,3,160,60,31.24444444,6,2,2,0,0,5,2,2,2,2,3,3,1,1,1,2,1,2,1,2,1,1,2,2,11.75,11.75,2,2,2,2,2,2,1,1,2,1,1,2,2,1,DIRECT,3000,3,4,750,2250,ATATCCAA+ACTCACAG,"139,106",0.75,89.76,10.24,84,100,74.33,31.99,139106,107246,106656,106847,104883,104207,0.749119377
R1_11,SWK1B,SWK1,FARROWING,DIRECT,True_Sample,WORKDAY_END,MCOHS_LABOROME,LABOR_COMP_SKIN_SWAB,6/1/21,QIAGEN PowerSoil Pro Kit_QIACUBE,SWAB,50,0.558,27.9,NA,H02,AGACACAC,TGCTGAGA,SWK1B,"17,579",M,47,1,194,65,32.27976331,6,2,2,0,0,5,3,2,4,3,3,3,1,2,2,2,2,2,2,2,1,1,1,2,8,33,1,1,1,1,1,1,1,1,1,1,1,1,1,2,DIRECT,960,5,7,137.1428571,685.7142857,CCACGCCG+GGTACACG,"72,712",0.39,89.07,10.93,44,100,72.45,31.52,72712,54210,51557,52863,44557,32277,0.443901969
R1_12,SWK2B,SWK2,FARROWING,DIRECT,True_Sample,WORKDAY_END,MCOHS_LABOROME,LABOR_COMP_SKIN_SWAB,6/1/21,QIAGEN PowerSoil Pro Kit_QIACUBE,SWAB,50,1.61,80.5,NA,A03,CAGGTCTG,GTGTGTCT,SWK2B,"135,511",M,53,1,300,74,38.51351351,6,1,2,30,30,5,1,1,3,3,1,4,1,2,2,2,2,2,2,2,1,1,2,2,14,40,1,2,1,2,1,1,1,1,1,1,1,1,1,2,INDIRECT,300,5,8,37.5,187.5,GCAGGATG+GGTACACG,"54,753",0.29,89.15,10.85,33,100,72.71,31.59,54753,41288,38590,39994,32432,24935,0.455408836
R1_13,SWK3B,SWK3,FARROWING,DIRECT,True_Sample,WORKDAY_END,MCOHS_LABOROME,LABOR_COMP_SKIN_SWAB,6/1/21,QIAGEN PowerSoil Pro Kit_QIACUBE,SWAB,50,4.68,234,NA,B03,AATACGCG,CAGACCTG,SWK3B,"960,434",M,32,2,150,63,26.56840514,6,1,2,15,7,5,3,3,3,3,2,2,1,2,1,2,2,2,2,2,1,2,1,2,1.5,7,1,2,1,1,1,2,1,2,2,1,1,1,1,1,DIRECT,150,5,7,21.42857143,107.1428571,ACACAGGT+GGTACACG,"80,971",0.44,89.59,10.41,49,100,73.41,31.75,80971,62006,60547,61140,57645,44766,0.552864606
R1_14,SWK4B,SWK4,FARROWING,DIRECT,True_Sample,WORKDAY_END,MCOHS_LABOROME,LABOR_COMP_SKIN_SWAB,6/1/21,QIAGEN PowerSoil Pro Kit_QIACUBE,SWAB,50,0.614,30.7,NA,C03,GCACACAT,CGCGTATT,SWK4B,"12,236",M,28,2,180,66,29.04958678,5,2,2,0,0,5,3,3,1,4,1,3,1,1,2,2,2,2,2,2,2,2,2,2,0.5,3.5,1,2,1,2,1,2,1,1,1,1,1,2,1,2,DIRECT,600,7,7,85.71428571,600,GATTATGT+GGTACACG,"59,948",0.32,89.03,10.97,36,100,74.39,32,59948,46803,45550,46068,42693,34973,0.583388937
R1_15,SWK5B,SWK5,FARROWING,DIRECT,True_Sample,WORKDAY_END,MCOHS_LABOROME,LABOR_COMP_SKIN_SWAB,6/1/21,QIAGEN PowerSoil Pro Kit_QIACUBE,SWAB,50,1.78,89,NA,D03,CTTGCATA,ATGTGTGC,SWK5B,"13,629",F,29,2,165,66,26.62878788,5,2,2,0,0,5,2,2,4,4,1,1,2,2,2,2,2,2,2,2,2,2,2,2,6,9,1,2,1,1,2,2,1,1,1,1,1,2,1,1,DIRECT,400,6,6,66.66666667,400,AGAATTCA+GGTACACG,"84,407",0.45,89.48,10.52,51,100,73.29,31.72,84407,63468,60274,61721,52817,42782,0.506853697
R1_16,SWK6B,SWK6,MOVING_FOSTERING,INDIRECT,True_Sample,WORKDAY_END,MCOHS_LABOROME,LABOR_COMP_SKIN_SWAB,6/1/21,QIAGEN PowerSoil Pro Kit_QIACUBE,SWAB,50,1.78,89,NA,E03,ATCCTCTT,TATGCAAG,SWK6B,"5,587",M,28,3,160,66,25.82185491,5,2,2,0,0,5,3,3,3,4,3,3,2,2,2,2,2,2,2,2,2,2,2,2,2,3,1,2,1,2,1,1,1,1,1,2,1,1,1,2,INDIRECT,100,6,8,12.5,75,GAAGCCAC+GGTACACG,"69,885",0.38,88.76,11.24,42,100,73.66,31.82,69885,53329,51391,52319,46712,41629,0.595678615
R1_17,SWK7B,SWK7,GESTATION,DIRECT,True_Sample,WORKDAY_END,MCOHS_LABOROME,LABOR_COMP_SKIN_SWAB,6/1/21,QIAGEN PowerSoil Pro Kit_QIACUBE,SWAB,50,0.734,36.7,NA,F03,GCACCTAA,AAGAGGAT,SWK7B,"61,107",M,34,2,189,71,26.35727038,5,2,0,0,0,5,1,1,3,3,2,3,2,2,2,2,2,2,2,2,2,2,2,2,2,7,1,1,2,2,1,1,1,1,1,1,1,1,1,1,INDIRECT,200,5,4,50,250,TGCATTGG+GGTACACG,"64,870",0.35,89.04,10.96,39,100,72.99,31.65,64870,48970,46909,47797,41222,30483,0.469909049
R1_18,SWK8B,SWK8,GESTATION,INDIRECT,True_Sample,WORKDAY_END,MCOHS_LABOROME,LABOR_COMP_SKIN_SWAB,6/1/21,QIAGEN PowerSoil Pro Kit_QIACUBE,SWAB,50,0.758,37.9,NA,G03,TGCTGCTC,TTAGGTGC,SWK8B,"60,778",M,37,2,205,75,25.62044444,6,2,2,0,0,2,4,3,3,3,2,2,1,2,1,2,2,2,2,2,1,1,2,2,11,11,1,1,1,1,1,1,1,1,2,1,1,1,1,1,DIRECT,100,5,6,16.66666667,83.33333333,CATGCGAT+GGTACACG,"63,080",0.34,89.04,10.96,38,100,74,31.9,63080,48476,46956,47375,43003,32192,0.510336081
R1_19,SWK9B,SWK9,FARROWING,DIRECT,True_Sample,WORKDAY_END,MCOHS_LABOROME,LABOR_COMP_SKIN_SWAB,6/1/21,QIAGEN PowerSoil Pro Kit_QIACUBE,SWAB,50,0.652,32.6,NA,H03,TGGCACCA,GAGCAGCA,SWK9B,"19,660",M,27,2,191,68.9,28.28461349,5,2,2,0,0,5,2,2,2,3,2,3,1,2,2,2,1,2,2,2,2,2,2,2,2,4,1,1,2,2,1,1,1,1,1,1,1,2,2,1,DIRECT,1150,6,7,164.2857143,985.7142857,GGAGTTAG+GGTACACG,"55,461",0.3,88.31,11.69,33,100,73.47,31.77,55461,42586,40752,41575,36267,30460,0.549214764
R1_20,SWK10B,SWK10,VISITING VETERINARIAN,INDIRECT,True_Sample,WORKDAY_END,MCOHS_LABOROME,LABOR_COMP_SKIN_SWAB,6/1/21,QIAGEN PowerSoil Pro Kit_QIACUBE,SWAB,50,0.566,28.3,NA,A04,AGATGGAT,TGGTGCCA,SWK10B,"5,540",F,37,3,160,60,31.24444444,6,2,2,0,0,5,2,2,2,2,3,3,1,1,1,2,1,2,1,2,1,1,2,2,11.75,11.75,2,2,2,2,2,2,1,1,2,1,1,2,2,1,DIRECT,3000,3,4,750,2250,GGATACGG+GGTACACG,"50,275",0.27,87.75,12.25,30,100,71.54,31.3,50275,37662,35884,36716,31911,28865,0.574142218
R1_21,SWK1C,SWK1,FARROWING,DIRECT,True_Sample,POST_SHOWER,MCOHS_LABOROME,LABOR_COMP_SKIN_SWAB,6/1/21,QIAGEN PowerSoil Pro Kit_QIACUBE,SWAB,50,0.156,7.8,NA,B04,GAATTGTG,ATCCATCT,SWK1C,"3,627",M,47,1,194,65,32.27976331,6,2,2,0,0,5,3,2,4,3,3,3,1,2,2,2,2,2,2,2,1,1,1,2,8,33,1,1,1,1,1,1,1,1,1,1,1,1,1,2,DIRECT,960,5,7,137.1428571,685.7142857,GCGACTAA+GGTACACG,"82,500",0.44,89.73,10.27,50,100,73.97,31.9,82500,63553,61815,62615,56900,50181,0.608254545
R1_22,SWK2C,SWK2,FARROWING,DIRECT,True_Sample,POST_SHOWER,MCOHS_LABOROME,LABOR_COMP_SKIN_SWAB,6/1/21,QIAGEN PowerSoil Pro Kit_QIACUBE,SWAB,50,0.808,40.4,NA,C04,GAGCACTG,CACAATTC,SWK2C,"11,677",M,53,1,300,74,38.51351351,6,1,2,30,30,5,1,1,3,3,1,4,1,2,2,2,2,2,2,2,1,1,2,2,14,40,1,2,1,2,1,1,1,1,1,1,1,1,1,2,INDIRECT,300,5,8,37.5,187.5,ATATCCAA+GGTACACG,"136,680",0.74,89.81,10.19,82,100,73.35,31.74,136680,104435,102552,103519,97734,82541,0.60389962
R1_23,SWK3C,SWK3,FARROWING,DIRECT,True_Sample,POST_SHOWER,MCOHS_LABOROME,LABOR_COMP_SKIN_SWAB,6/1/21,QIAGEN PowerSoil Pro Kit_QIACUBE,SWAB,50,0.886,44.3,NA,D04,GTTGCGGA,CAGTGCTC,SWK3C,"43,712",M,32,2,150,63,26.56840514,6,1,2,15,7,5,3,3,3,3,2,2,1,2,1,2,2,2,2,2,1,2,1,2,1.5,7,1,2,1,1,1,2,1,2,2,1,1,1,1,1,DIRECT,150,5,7,21.42857143,107.1428571,CCACGCCG+GTATTACG,"56,470",0.3,87.07,12.93,34,100,72.41,31.5,56470,42728,41854,42120,40232,31666,0.560757925
R1_24,SWK4C,SWK4,FARROWING,DIRECT,True_Sample,POST_SHOWER,MCOHS_LABOROME,LABOR_COMP_SKIN_SWAB,6/1/21,QIAGEN PowerSoil Pro Kit_QIACUBE,SWAB,50,0.422,21.1,NA,E04,AATGGAAC,TCCGCAAC,SWK4C,657,M,28,2,180,66,29.04958678,5,2,2,0,0,5,3,3,1,4,1,3,1,1,2,2,2,2,2,2,2,2,2,2,0.5,3.5,1,2,1,2,1,2,1,1,1,1,1,2,1,2,DIRECT,600,7,7,85.71428571,600,GCAGGATG+GTATTACG,"60,893",0.33,88.09,11.91,37,100,74.58,32.03,60893,48257,47840,47961,46995,43489,0.714187181
R2_1,SWK5C,SWK5,FARROWING,DIRECT,True_Sample,POST_SHOWER,MCOHS_LABOROME,LABOR_COMP_SKIN_SWAB,6/1/21,QIAGEN PowerSoil Pro Kit_QIACUBE,SWAB,50,0.001,0.001,NA,F04,TCAGAGGT,GTTCCATT,SWK5C,332,F,29,2,165,66,26.62878788,5,2,2,0,0,5,2,2,4,4,1,1,2,2,2,2,2,2,2,2,2,2,2,2,6,9,1,2,1,1,2,2,1,1,1,1,1,2,1,1,DIRECT,400,6,6,66.66666667,400,ACACAGGT+GTATTACG,"71,768",0.39,88.17,11.83,43,100,75.47,32.26,71768,57227,56479,56712,54188,52397,0.730088619
R2_2,SWK6C,SWK6,MOVING_FOSTERING,INDIRECT,True_Sample,POST_SHOWER,MCOHS_LABOROME,LABOR_COMP_SKIN_SWAB,6/1/21,QIAGEN PowerSoil Pro Kit_QIACUBE,SWAB,50,0.001,0.001,NA,G04,GCAACAAT,ACCTCTGA,SWK6C,142,M,28,3,160,66,25.82185491,5,2,2,0,0,5,3,3,3,4,3,3,2,2,2,2,2,2,2,2,2,2,2,2,2,3,1,2,1,2,1,1,1,1,1,2,1,1,1,2,INDIRECT,100,6,8,12.5,75,GATTATGT+GTATTACG,"41,580",0.22,88.3,11.7,25,100,75.47,32.26,41580,33088,32063,32641,29727,27571,0.663083213
R2_3,SWK7C,SWK7,GESTATION,DIRECT,True_Sample,POST_SHOWER,MCOHS_LABOROME,LABOR_COMP_SKIN_SWAB,6/1/21,QIAGEN PowerSoil Pro Kit_QIACUBE,SWAB,50,0.414,20.7,NA,H04,GTCGATCG,ATTGTTGC,SWK7C,"1,344",M,34,2,189,71,26.35727038,5,2,0,0,0,5,1,1,3,3,2,3,2,2,2,2,2,2,2,2,2,2,2,2,2,7,1,1,2,2,1,1,1,1,1,1,1,1,1,1,INDIRECT,200,5,4,50,250,AGAATTCA+GTATTACG,"46,322",0.25,88.02,11.98,28,100,74.7,32.07,46322,35800,34968,35403,32868,29968,0.646949614
R2_4,SWK8C,SWK8,GESTATION,INDIRECT,True_Sample,POST_SHOWER,MCOHS_LABOROME,LABOR_COMP_SKIN_SWAB,6/1/21,QIAGEN PowerSoil Pro Kit_QIACUBE,SWAB,50,0.476,23.8,NA,A05,ATGGTAGC,CGATCGAC,SWK8C,"9,838",M,37,2,205,75,25.62044444,6,2,2,0,0,2,4,3,3,3,2,2,1,2,1,2,2,2,2,2,1,1,2,2,11,11,1,1,1,1,1,1,1,1,2,1,1,1,1,1,DIRECT,100,5,6,16.66666667,83.33333333,GAAGCCAC+GTATTACG,"91,821",0.49,87.87,12.13,55,100,75.84,32.35,91821,74149,73645,73664,72198,68576,0.746844404
R2_5,SWK9C,SWK9,FARROWING,DIRECT,True_Sample,POST_SHOWER,MCOHS_LABOROME,LABOR_COMP_SKIN_SWAB,6/1/21,QIAGEN PowerSoil Pro Kit_QIACUBE,SWAB,50,0.468,23.4,NA,B05,CGCCAATT,GCTACCAT,SWK9C,529,M,27,2,191,68.9,28.28461349,5,2,2,0,0,5,2,2,2,3,2,3,1,2,2,2,1,2,2,2,2,2,2,2,2,4,1,1,2,2,1,1,1,1,1,1,1,2,2,1,DIRECT,1150,6,7,164.2857143,985.7142857,TGCATTGG+GTATTACG,"57,899",0.31,87.87,12.13,35,100,73.75,31.86,57899,44430,43734,44023,41842,39801,0.687421199
R2_6,SWK10C,SWK10,VISITING VETERINARIAN,INDIRECT,True_Sample,POST_SHOWER,MCOHS_LABOROME,LABOR_COMP_SKIN_SWAB,6/1/21,QIAGEN PowerSoil Pro Kit_QIACUBE,SWAB,50,0.001,0.001,NA,C05,GACAATTG,AATTGGCG,SWK10C,39,F,37,3,160,60,31.24444444,6,2,2,0,0,5,2,2,2,2,3,3,1,1,1,2,1,2,1,2,1,1,2,2,11.75,11.75,2,2,2,2,2,2,1,1,2,1,1,2,2,1,DIRECT,3000,3,4,750,2250,CATGCGAT+GTATTACG,"87,592",0.47,88.44,11.56,53,100,74.58,32.05,87592,69014,68809,68963,68260,67356,0.768974336
R2_7,SW1,PEN1,SWINE_PEN,SWINE,True_Sample,SWINE,MCOHS_LABOROME,LABOR_COMP_PEN_SKIN_PADDLE,6/1/21,QIAGEN PowerSoil Pro Kit_QIACUBE,PADDLE,50,1.23,61.5,NA,D05,ATATTCCG,CAATTGTC,SW1,"96,289",,NA,NA,NA,NA,NA,NA,NA,NA,NA,NA,NA,NA,NA,NA,NA,NA,NA,NA,NA,NA,NA,NA,NA,NA,NA,NA,NA,NA,NA,NA,NA,NA,NA,NA,NA,NA,NA,NA,NA,NA,NA,NA,NA,NA,NA,,NA,NA,NA,NA,NA,GGAGTTAG+GTATTACG,"84,351",0.45,87.65,12.35,51,100,73.7,31.83,84351,65408,62443,64027,54517,42129,0.499448732
R2_8,SW2,PEN2,SWINE_PEN,SWINE,True_Sample,SWINE,MCOHS_LABOROME,LABOR_COMP_PEN_SKIN_PADDLE,6/1/21,QIAGEN PowerSoil Pro Kit_QIACUBE,PADDLE,50,2.78,139,NA,E05,TCTACCTC,CGGAATAT,SW2,"524,467",,NA,NA,NA,NA,NA,NA,NA,NA,NA,NA,NA,NA,NA,NA,NA,NA,NA,NA,NA,NA,NA,NA,NA,NA,NA,NA,NA,NA,NA,NA,NA,NA,NA,NA,NA,NA,NA,NA,NA,NA,NA,NA,NA,NA,NA,,NA,NA,NA,NA,NA,GGATACGG+GTATTACG,"65,154",0.35,86.97,13.03,39,100,70.83,31.14,65154,49064,46227,47847,39717,31470,0.483009485
R2_9,SW3,PEN3,SWINE_PEN,SWINE,True_Sample,SWINE,MCOHS_LABOROME,LABOR_COMP_PEN_SKIN_PADDLE,6/1/21,QIAGEN PowerSoil Pro Kit_QIACUBE,PADDLE,50,3.96,198,NA,F05,TCGTCGTG,GAGGTAGA,SW3,"1,315,006",,NA,NA,NA,NA,NA,NA,NA,NA,NA,NA,NA,NA,NA,NA,NA,NA,NA,NA,NA,NA,NA,NA,NA,NA,NA,NA,NA,NA,NA,NA,NA,NA,NA,NA,NA,NA,NA,NA,NA,NA,NA,NA,NA,NA,NA,,NA,NA,NA,NA,NA,GCGACTAA+GTATTACG,"67,414",0.36,88.41,11.59,41,100,74.43,32.01,67414,52527,49918,51274,42224,30025,0.445382265
R2_10,SW4,PEN4,SWINE_PEN,SWINE,True_Sample,SWINE,MCOHS_LABOROME,LABOR_COMP_PEN_SKIN_PADDLE,6/1/21,QIAGEN PowerSoil Pro Kit_QIACUBE,PADDLE,50,0.846,42.3,NA,G05,ATGAGAAC,CACGACGA,SW4,"66,038",,NA,NA,NA,NA,NA,NA,NA,NA,NA,NA,NA,NA,NA,NA,NA,NA,NA,NA,NA,NA,NA,NA,NA,NA,NA,NA,NA,NA,NA,NA,NA,NA,NA,NA,NA,NA,NA,NA,NA,NA,NA,NA,NA,NA,NA,,NA,NA,NA,NA,NA,ATATCCAA+GTATTACG,"149,470",0.8,88.51,11.49,90,100,74.3,31.98,149470,116270,113712,115057,103501,79468,0.531665217
R2_11,SW5,PEN5,SWINE_PEN,SWINE,True_Sample,SWINE,MCOHS_LABOROME,LABOR_COMP_PEN_SKIN_PADDLE,6/1/21,QIAGEN PowerSoil Pro Kit_QIACUBE,PADDLE,50,5.08,254,NA,H05,GTCCTATA,GTTCTCAT,SW5,"2,856,621",,NA,NA,NA,NA,NA,NA,NA,NA,NA,NA,NA,NA,NA,NA,NA,NA,NA,NA,NA,NA,NA,NA,NA,NA,NA,NA,NA,NA,NA,NA,NA,NA,NA,NA,NA,NA,NA,NA,NA,NA,NA,NA,NA,NA,NA,,NA,NA,NA,NA,NA,ATAAGCGG+ACTTCTCA,"90,821",0.49,89.43,10.57,55,100,73.68,31.82,90821,69253,67314,68135,59224,43667,0.480802898
R2_12,SW6,PEN6,SWINE_PEN,SWINE,True_Sample,SWINE,MCOHS_LABOROME,LABOR_COMP_PEN_SKIN_PADDLE,6/1/21,QIAGEN PowerSoil Pro Kit_QIACUBE,PADDLE,50,0.402,20.105,NA,A06,AATGACCA,TATAGGAC,SW6,"91,450",,NA,NA,NA,NA,NA,NA,NA,NA,NA,NA,NA,NA,NA,NA,NA,NA,NA,NA,NA,NA,NA,NA,NA,NA,NA,NA,NA,NA,NA,NA,NA,NA,NA,NA,NA,NA,NA,NA,NA,NA,NA,NA,NA,NA,NA,,NA,NA,NA,NA,NA,CCGTGTTA+ACTTCTCA,"63,881",0.34,88.79,11.21,38,100,73.1,31.7,63881,47667,46271,46810,41077,34219,0.535667882
R2_13,SW7,PEN7,SOW_GESTATION,SWINE,True_Sample,SWINE,MCOHS_LABOROME,LABOR_COMP_PEN_SKIN_PADDLE,6/1/21,QIAGEN PowerSoil Pro Kit_QIACUBE,PADDLE,50,1.53,76.5,NA,B06,CAGACGCT,TGGTCATT,SW7,"933,971",,NA,NA,NA,NA,NA,NA,NA,NA,NA,NA,NA,NA,NA,NA,NA,NA,NA,NA,NA,NA,NA,NA,NA,NA,NA,NA,NA,NA,NA,NA,NA,NA,NA,NA,NA,NA,NA,NA,NA,NA,NA,NA,NA,NA,NA,,NA,NA,NA,NA,NA,CACCATCG+ACTCACAG,"111,153",0.6,89.15,10.85,67,100,73.2,31.7,111153,84096,81971,82898,72594,50825,0.457252616
R2_14,SW8,PEN8,SOW_GESTATION,SWINE,True_Sample,SWINE,MCOHS_LABOROME,LABOR_COMP_PEN_SKIN_PADDLE,6/1/21,QIAGEN PowerSoil Pro Kit_QIACUBE,PADDLE,50,5.8,290,NA,C06,TCGAACTG,AGCGTCTG,SW8,"3,475,984",,NA,NA,NA,NA,NA,NA,NA,NA,NA,NA,NA,NA,NA,NA,NA,NA,NA,NA,NA,NA,NA,NA,NA,NA,NA,NA,NA,NA,NA,NA,NA,NA,NA,NA,NA,NA,NA,NA,NA,NA,NA,NA,NA,NA,NA,,NA,NA,NA,NA,NA,TACCGAGT+ACTCACAG,"99,227",0.53,89.37,10.63,60,100,73.59,31.81,99227,75425,73398,74383,65264,48718,0.490975239
R2_15,SW9,PEN9,SWINE_PEN,SWINE,True_Sample,SWINE,MCOHS_LABOROME,LABOR_COMP_PEN_SKIN_PADDLE,6/1/21,QIAGEN PowerSoil Pro Kit_QIACUBE,PADDLE,50,9.48,474,NA,D06,CGCTTCCA,CAGTTCGA,SW9,"5,348,819",,NA,NA,NA,NA,NA,NA,NA,NA,NA,NA,NA,NA,NA,NA,NA,NA,NA,NA,NA,NA,NA,NA,NA,NA,NA,NA,NA,NA,NA,NA,NA,NA,NA,NA,NA,NA,NA,NA,NA,NA,NA,NA,NA,NA,NA,,NA,NA,NA,NA,NA,ATCGTACC+ACTCACAG,"112,521",0.61,89.77,10.23,68,100,74.12,31.93,112521,86295,84535,85189,76987,63236,0.561992872
R2_16,SW10,PEN10,SWINE_PEN,SWINE,True_Sample,SWINE,MCOHS_LABOROME,LABOR_COMP_PEN_SKIN_PADDLE,6/1/21,QIAGEN PowerSoil Pro Kit_QIACUBE,PADDLE,50,9.4,470,NA,E06,TATTCCTG,TGGAAGCG,SW10,"6,137,336",,NA,NA,NA,NA,NA,NA,NA,NA,NA,NA,NA,NA,NA,NA,NA,NA,NA,NA,NA,NA,NA,NA,NA,NA,NA,NA,NA,NA,NA,NA,NA,NA,NA,NA,NA,NA,NA,NA,NA,NA,NA,NA,NA,NA,NA,,NA,NA,NA,NA,NA,GGTGGCTC+ACTCACAG,"98,131",0.53,89.18,10.82,59,100,73.93,31.88,98131,76047,74176,75044,65586,51838,0.528253049
R2_17,ENVAF,ENVIRONMENT_FARROWING,ENV_FARROWING,ENVIRONMENT,True_Sample,ENVIRONMENT,MCOHS_LABOROME,LABOR_ENVMTL_FARROWING,6/1/21,QIAGEN PowerSoil Pro Kit_QIACUBE,PADDLE,50,0.001,0.001,NA,F06,CAAGTTAC,CAGGAATA,ENVAF,93,,NA,NA,NA,NA,NA,NA,NA,NA,NA,NA,NA,NA,NA,NA,NA,NA,NA,NA,NA,NA,NA,NA,NA,NA,NA,NA,NA,NA,NA,NA,NA,NA,NA,NA,NA,NA,NA,NA,NA,NA,NA,NA,NA,NA,NA,,NA,NA,NA,NA,NA,TGGCTCTC+ACTCACAG,"126,781",0.68,89.73,10.27,76,100,74.33,32,126781,98235,97854,98034,96201,95497,0.753243783
R2_18,ENVBG,ENVIRONMENT_GESTATION,ENV_GESTATION,ENVIRONMENT,True_Sample,ENVIRONMENT,MCOHS_LABOROME,LABOR_ENVMTL_GESTATION,6/1/21,QIAGEN PowerSoil Pro Kit_QIACUBE,PADDLE,50,0.001,0.001,NA,G06,CAGAGCAG,GTAACTTG,ENVBG,68,,NA,NA,NA,NA,NA,NA,NA,NA,NA,NA,NA,NA,NA,NA,NA,NA,NA,NA,NA,NA,NA,NA,NA,NA,NA,NA,NA,NA,NA,NA,NA,NA,NA,NA,NA,NA,NA,NA,NA,NA,NA,NA,NA,NA,NA,,NA,NA,NA,NA,NA,CTACCTCA+ACTCACAG,"130,826",0.7,89.53,10.47,79,100,73.55,31.8,130826,99745,99329,99474,97787,96093,0.73450996